,common_entries,graph_similarity,semantic_similarity,domain
elvis23/mental-health-conversational-data,5,0.17,0.23,CROSS_SECTOR
fariskar/pregnancy-dataset,4,0.15,0.18,CROSS_SECTOR
blackecho/italy-earthquakes,4,0.19,0.29,CROSS_SECTOR
kekavigi/earthquakes-in-indonesia,4,0.17,0.26,CROSS_SECTOR
warcoder/earthquake-dataset,4,0.13,0.18,CROSS_SECTOR
maca11/all-pokemon-dataset,4,0.22,0.34,CROSS_SECTOR
devildyno/computer-science-students-career-prediction,4,0.13,0.14,EDUCATION
gyanprakashkushwaha/samsung-mobiles-latest-dataset,4,0.22,0.21,CROSS_SECTOR
nelgiriyewithana/credit-card-fraud-detection-dataset-2023,3,0.23,0.44,FINANCE
noahgift/social-power-nba,3,0.12,0.22,CROSS_SECTOR
alopez247/pokemon,3,0.12,0.13,CROSS_SECTOR
nehaprabhavalkar/av-healthcare-analytics-ii,3,0.1,0.12,CROSS_SECTOR
bhavikjikadara/car-price-prediction-dataset,3,0.34,0.45,CROSS_SECTOR
thebumpkin/nazareth-studio-tracks-with-spotify-data,3,0.57,0.61,CROSS_SECTOR
samybaladram/palmers-penguin-dataset-extended,3,0.2,0.33,CROSS_SECTOR
patricklford/global-ev-sales-2010-2024,3,0.12,0.32,CROSS_SECTOR
jmourad100/moroccocoronavirus,3,0.1,0.1,CROSS_SECTOR
aryanrastogi7767/ecommerce-fraud-data,3,0.15,0.23,CROSS_SECTOR
muhammadawaistayyab/used-cars-prices-in-uk,3,0.17,0.31,CROSS_SECTOR
thebumpkin/moody-blues-album-tracks-with-spotify-data,3,0.49,0.45,CROSS_SECTOR
aryashah2k/credit-card-customer-data,3,0.23,0.29,CROSS_SECTOR
iamsouravbanerjee/data-science-salaries-2023,3,0.22,0.39,CROSS_SECTOR
williamschooleman/scoobydoo-complete,3,0.1,0.1,CROSS_SECTOR
smvjkk/league-of-legends-lec-summer-playoffs-2024-stats,3,0.2,0.33,SPORT
mustafakeser4/earthquakes-2023-global,3,0.17,0.24,CROSS_SECTOR
susanta21/student-attitude-and-behavior,3,0.15,0.23,CROSS_SECTOR
stefanoleone992/fifa-22-complete-player-dataset,3,0.23,0.54,CROSS_SECTOR
wwwwwee/dehaze,3,0.1,0.1,CROSS_SECTOR
hsinha53/car-sales,3,0.1,0.1,CROSS_SECTOR
deepcontractor/cyber-security-salaries,3,0.13,0.19,CROSS_SECTOR
jaidalmotra/pokemon-dataset,3,0.22,0.39,CROSS_SECTOR
karthickveerakumar/spam-filter,3,0.1,0.1,CROSS_SECTOR
stealthtechnologies/earthquakes-dataset,3,0.24,0.28,CROSS_SECTOR
thebumpkin/400-reggae-tracks-with-spotify-data,3,0.45,0.52,CROSS_SECTOR
armanmanteghi/meal-finder-web-application-python,3,0.15,0.14,CROSS_SECTOR
thedevastator/nlp-mental-health-conversations,3,0.19,0.34,CROSS_SECTOR
stefanoleone992/ea-sports-fc-24-complete-player-dataset,3,0.19,0.33,CROSS_SECTOR
mustafakeser4/bigquery-fintech-dataset,3,0.15,0.21,FINANCE
jacksondivakarr/laptop-price-prediction-dataset,3,0.4,0.49,CROSS_SECTOR
parulpandey/palmer-archipelago-antarctica-penguin-data,3,0.14,0.2,CROSS_SECTOR
joebeachcapital/airbnb,3,0.16,0.25,CROSS_SECTOR
thebumpkin/700-classic-blues-tracks-with-spotify-data,3,0.41,0.51,CROSS_SECTOR
shayannaveed/credit-card-fraud-detection,3,0.28,0.51,CROSS_SECTOR
haseebindata/student-performance-predictions,3,0.2,0.35,CROSS_SECTOR
pablote/nba-enhanced-stats,3,0.14,0.18,CROSS_SECTOR
atifmasih/factors-affecting-university-student-grades,3,0.1,0.1,CROSS_SECTOR
kapatsa/modelled-time-series,3,0.14,0.21,CROSS_SECTOR
juanmerinobermejo/smartphones-price-dataset,3,0.34,0.27,CROSS_SECTOR
melissamonfared/mental-health-counseling-conversations-k,3,0.19,0.42,HEALTH
stefanoleone992/fifa-20-complete-player-dataset,3,0.25,0.54,CROSS_SECTOR
saurav9786/indian-premier-league-match-analysis,3,0.23,0.1,CROSS_SECTOR
prajwalkanade/student-performance-prediction-dataset,3,0.2,0.39,CROSS_SECTOR
ramjidoolla/ipl-data-set,3,0.12,0.22,CROSS_SECTOR
kanchana1990/linkedin-canada-data-science-jobs-2024,3,0.17,0.31,CROSS_SECTOR
niraliivaghani/chatbot-dataset,3,0.19,0.3,SPORT
/2015-american-community-survey,3,0.1,0.16,CROSS_SECTOR
xvivancos/michael-jordan-kobe-bryant-and-lebron-james-stats,3,0.13,0.16,CROSS_SECTOR
waqi786/cars-dataset-2010-2020,3,0.17,0.19,CROSS_SECTOR
akshaydattatraykhare/car-details-dataset,3,0.31,0.34,CROSS_SECTOR
borhanitrash/palmer-penguins-dataset,3,0.19,0.32,CROSS_SECTOR
heitornunes/caffeine-content-of-drinks,3,0.1,0.1,CROSS_SECTOR
mdmahmudulhasansuzan/students-adaptability-level-in-online-education,3,0.15,0.19,CROSS_SECTOR
shriyashjagtap/fraudulent-e-commerce-transactions,2,0.1,0.17,CROSS_SECTOR
itamarmushkin/israeli-elections-2015-2013,2,0.1,0.16,CROSS_SECTOR
alexryzhkov/amexaggdatapicklef32,2,0.12,0.13,AGRIFOOD
manishkr1754/cardekho-used-car-data,2,0.26,0.36,CROSS_SECTOR
rajsengo/indian-premier-league-ipl-all-seasons,2,0.24,0.32,CROSS_SECTOR
kalilurrahman/nvidia-stock-data-latest-and-updated,2,0.14,0.21,CROSS_SECTOR
sayedmahmoud/airline-delay-cause,2,0.12,0.19,CROSS_SECTOR
adarshsng/heart-mri-image-dataset-left-atrial-segmentation,2,0.15,0.16,CROSS_SECTOR
thedevastator/the-relationship-between-crop-production-and-cli,2,0.15,0.25,CROSS_SECTOR
aakaash89/neet-2024-ug-results-citycenter-wise,2,0.2,0.36,EDUCATION
lbronchal/gold-and-silver-prices-dataset,2,0.18,0.3,CROSS_SECTOR
swatikhedekar/exploratory-data-analysis-on-netflix-data,2,0.21,0.22,CROSS_SECTOR
arunavakrchakraborty/covid19-twitter-dataset,2,0.19,0.22,CROSS_SECTOR
asaniczka/video-game-sales-2024,2,0.15,0.49,CROSS_SECTOR
thedrcat/daigt-external-train-dataset,2,0.16,0.31,CROSS_SECTOR
zynicide/wine-reviews,2,0.22,0.35,CROSS_SECTOR
sims22/irisflowerdatasets,2,0.12,0.34,CROSS_SECTOR
karlorusovan/league-of-legends-soloq-matches-at-10-minutes-2024,2,0.14,0.24,CROSS_SECTOR
umerhaddii/us-census-bureaus-monthly-state-retail-sales-data,2,0.17,0.2,CROSS_SECTOR
luisfredgs/imdb-ptbr,2,0.17,0.14,CROSS_SECTOR
michau96/restaurant-business-rankings-2020,2,0.13,0.1,CROSS_SECTOR
wajahat1064/hospital-inpatient-cost-data-by-new-york-state,2,0.14,0.24,HEALTH
jonasalmeida/2015-deidentified-ny-inpatient-discharge-sparcs,2,0.11,0.13,CROSS_SECTOR
shariful07/student-flexibility-in-online-learning,2,0.14,0.12,CROSS_SECTOR
abdullahshf/neet-ug-2024-results-all-india,2,0.17,0.3,EDUCATION
norc/general-social-survey,2,0.1,0.15,CROSS_SECTOR
yaminh/smartphone-sale-dataset,2,0.3,0.23,CROSS_SECTOR
moazeldsokyx/plantvillage,2,0.1,0.1,CROSS_SECTOR
ramiromelo/10000-words,2,0.14,0.14,CROSS_SECTOR
stephanmatzka/predictive-maintenance-dataset-ai4i-2020,2,0.19,0.32,CROSS_SECTOR
thebumpkin/500-folk-tracks-with-spotify-data,2,0.49,0.49,SPORT
bizzyvinci/coinmarketcap-historical-data,2,0.2,0.29,CROSS_SECTOR
vanka2003/covid-19-worldwide-refined-dataset,2,0.16,0.41,SPORT
alamson/safebooru,2,0.11,0.17,CROSS_SECTOR
armanmanteghi/capitals-of-the-world-multiple-choice-quiz,2,0.12,0.17,EDUCATION
mchirico/cheltenham-s-facebook-group,2,0.1,0.12,CROSS_SECTOR
prognosticshse/preventive-to-predicitve-maintenance,2,0.1,0.24,CROSS_SECTOR
patricklford/what-about-the-wind,2,0.1,0.15,CROSS_SECTOR
colara/human-resource,2,0.1,0.1,CROSS_SECTOR
mayukh18/deap-deciphering-environmental-air-pollution,2,0.14,0.25,CROSS_SECTOR
aslanahmedov/walmart-sales-forecast,2,0.18,0.29,CONSTRUCTION
rodsaldanha/arketing-campaign,2,0.12,0.23,CROSS_SECTOR
smid80/coronavirus-covid19-tweets,2,0.1,0.25,CROSS_SECTOR
adeolaadesina/factors-affecting-children-anemia-level,2,0.1,0.12,CROSS_SECTOR
thebumpkin/pink-floyd-all-the-tracks-with-spotify-data,2,0.47,0.46,CROSS_SECTOR
lukaanicin/book-covers-dataset,2,0.18,0.23,CROSS_SECTOR
armanmanteghi/interactive-web-based-calculator-application,2,0.12,0.18,FINANCE
vivovinco/league-of-legends-champion-stats,2,0.15,0.34,CROSS_SECTOR
sukanto/crypto-etfs,2,0.15,0.15,CROSS_SECTOR
manavgupta92/from-data-entry-to-ceo-the-ai-job-threat-index,2,0.14,0.18,CROSS_SECTOR
knightbearr/pizza-price-prediction-real-data,2,0.22,0.25,CROSS_SECTOR
thebumpkin/abba-studio-tracks-with-spotify-data,2,0.47,0.64,CROSS_SECTOR
/population-time-series-data,2,0.11,0.17,CROSS_SECTOR
thebumpkin/362-elton-john-album-tracks-with-spotify-data,2,0.48,0.45,CROSS_SECTOR
noob2511/wine-data-set,2,0.2,0.32,CROSS_SECTOR
gpiosenka/butterfly-images40-species,2,0.11,0.35,CROSS_SECTOR
thec03u5/seinfeld-chronicles,2,0.1,0.13,CROSS_SECTOR
thebumpkin/journey-album-tracks-with-spotify-data,2,0.6,0.58,CROSS_SECTOR
saurabhbadole/countries-in-conflict-dataset,2,0.16,0.15,CROSS_SECTOR
aman2000jaiswal/agriculture-crop-images,2,0.12,0.2,AGRIFOOD
whenamancodes/customer-personality-analysis,2,0.12,0.11,CROSS_SECTOR
yasserh/insurance-claim-dataset,2,0.19,0.29,CROSS_SECTOR
harsha547/ipldatabase,2,0.18,0.28,CROSS_SECTOR
mazlumi/ielts-writing-scored-essays-dataset,2,0.16,0.15,CROSS_SECTOR
gauravtopre/credit-card-defaulter-prediction,2,0.13,0.32,CROSS_SECTOR
hershyandrew/amzn-dpz-btc-ntfx-adjusted-may-2013may2019,2,0.1,0.11,CROSS_SECTOR
willianoliveiragibin/smartphone-data,2,0.1,0.23,CROSS_SECTOR
themrityunjaypathak/2011-census-of-india,2,0.19,0.36,CROSS_SECTOR
albenft/game-of-thrones-script-all-seasons,2,0.14,0.27,CROSS_SECTOR
tomstravis/georefrenced-spain-housing,2,0.13,0.16,CROSS_SECTOR
muhammadfaizan65/hospital-infections-dataset,2,0.2,0.18,HEALTH
danghuutri/netflix-movies,2,0.17,0.42,CROSS_SECTOR
zeesolver/data-eng-salary-2024,2,0.2,0.28,CROSS_SECTOR
ashpalsingh1525/mcdonaldsdataset,2,0.16,0.2,CROSS_SECTOR
ashishjangra27/gender-recognition-200k-images-celeba,2,0.15,0.21,CROSS_SECTOR
datascientist97/astronomical-data,2,0.15,0.1,SPORT
victorsoeiro/amazon-prime-tv-shows-and-movies,2,0.13,0.55,CROSS_SECTOR
berkanoztas/synthetic-transaction-monitoring-dataset-aml,2,0.12,0.15,CROSS_SECTOR
sureshgupta/health-insurance-data-set,2,0.12,0.22,CROSS_SECTOR
acidbear55/icc-womens-t20-world-cups-2014-2023,2,0.13,0.19,CROSS_SECTOR
ramamet4/app-store-apple-data-set-10k-apps,2,0.14,0.28,CROSS_SECTOR
omkarmanohardalvi/lungs-disease-dataset-4-types,2,0.14,0.14,CROSS_SECTOR
authman/pickled-crawl300d2m-for-kernel-competitions,2,0.1,0.17,CROSS_SECTOR
muonneutrino/us-census-demographic-data,2,0.2,0.17,CROSS_SECTOR
rtatman/iris-dataset-json-version,2,0.15,0.42,SPORT
rutuspatel/walmart-dataset-retail,2,0.2,0.39,CROSS_SECTOR
verracodeguacas/pii-deberta-models,2,0.1,0.17,CROSS_SECTOR
jtiptj/chest-xray-pneumoniacovid19tuberculosis,2,0.1,0.37,CROSS_SECTOR
theodaimones888/russian-anime-reviews-dataset,2,0.13,0.1,CROSS_SECTOR
johannesbayer/cghd1152,2,0.1,0.1,CROSS_SECTOR
parthdande/movies-box-office-collection-data-2000-2024,2,0.11,0.16,ENTERTAINMENT
swsw1717/seatle-airbnb-open-data-sql-project,2,0.19,0.47,CROSS_SECTOR
juicobowley/drake-lyrics,2,0.12,0.26,CROSS_SECTOR
nischaydnk/isic-2018-jpg-224x224-resized,2,0.17,0.43,CROSS_SECTOR
veeralakrishna/150k-python-dataset,2,0.16,0.17,CROSS_SECTOR
syedali110/smartphone-features-dataset,2,0.23,0.35,CROSS_SECTOR
nischaydnk/isic-2020-jpg-224x224-resized,2,0.17,0.44,CROSS_SECTOR
thedevastator/netflix-imdb-scores,2,0.16,0.26,CROSS_SECTOR
lakshmi25npathi/online-retail-dataset,2,0.2,0.55,CROSS_SECTOR
yutodennou/construction-investment-amount-in-japan,2,0.1,0.1,CROSS_SECTOR
deependraverma13/diabetes-healthcare-comprehensive-dataset,2,0.19,0.3,CROSS_SECTOR
prajwaldongre/nvidia-corp-share-price-2000-2024,2,0.11,0.23,CROSS_SECTOR
debashis74017/stock-market-data-nifty-100-stocks-5-min-data,2,0.35,0.42,CROSS_SECTOR
shivamb/machine-predictive-maintenance-classification,2,0.13,0.28,MANUFACTURING
devinanzelmo/dota-2-matches,2,0.1,0.14,CROSS_SECTOR
rupakroy/training-dataset-peft-lora,2,0.1,0.1,CROSS_SECTOR
shubhamsingh42/flight-delay-dataset-2018-2024,2,0.18,0.19,CROSS_SECTOR
umerhaddii/big-tech-giants-stock-price-data,2,0.26,0.24,CROSS_SECTOR
fatemehmehrparvar/obesity-levels,2,0.13,0.37,CROSS_SECTOR
mrsimple07/clothes-price-prediction,2,0.24,0.32,CROSS_SECTOR
prashant808/global-internet-speed-2022,2,0.14,0.16,CROSS_SECTOR
iabhishekofficial/creditcard-fraud-detection,2,0.14,0.23,CROSS_SECTOR
faizaniftikharjanjua/metaverse-financial-transactions-dataset,2,0.15,0.26,CROSS_SECTOR
mbsoroush/cara-price-dataset,2,0.39,0.36,CROSS_SECTOR
pratt3000/vctk-corpus,2,0.12,0.12,CROSS_SECTOR
crinklybrain2003/pokmon-base-stats-dataset,2,0.18,0.27,SPORT
dschettler8845/recsys-2020-ecommerce-dataset,2,0.15,0.15,CROSS_SECTOR
jojoker/singapore-airbnb,2,0.17,0.23,CROSS_SECTOR
sugataghosh/google-word2vec,2,0.12,0.19,CROSS_SECTOR
ehtishamsadiq/uncleaned-laptop-price-dataset,2,0.35,0.34,CROSS_SECTOR
suneelpatel/bank-customer-data-for-credit-card-lead-prediction,2,0.18,0.28,CROSS_SECTOR
cvronao/covid19-philippine-dataset,2,0.16,0.3,CROSS_SECTOR
duygujones/autoscout24-car-sales2019,2,0.1,0.1,CROSS_SECTOR
muhammadfaizan65/weather-radar-stations-dataset,2,0.15,0.25,CROSS_SECTOR
thesergiu/truth-detectiondeception-detectionlie-detection,2,0.1,0.13,CROSS_SECTOR
praveengovi/credit-risk-classification-dataset,2,0.14,0.25,CROSS_SECTOR
peshimaammuzammil/2023-car-model-dataset-all-data-you-need,2,0.24,0.21,CROSS_SECTOR
amanbhattarai695/data-analyst-job-roles-in-canada,2,0.19,0.31,SPORT
jimschacko/airlines-dataset-to-predict-a-delay,2,0.14,0.15,CROSS_SECTOR
dhanushnarayananr/credit-card-fraud,2,0.1,0.52,CROSS_SECTOR
asaniczka/all-jobs-on-upwork-200k-plus,2,0.12,0.23,CROSS_SECTOR
andradaolteanu/rickmorty-scripts,2,0.1,0.12,CROSS_SECTOR
faisaljanjua0555/daily-gold-price-historical-dataset,2,0.14,0.3,CROSS_SECTOR
jamesleslie/titanic-cleaned-data,2,0.13,0.34,CROSS_SECTOR
blessondensil294/topic-modeling-for-research-articles,2,0.11,0.13,CROSS_SECTOR
/covid19,2,0.18,0.22,CROSS_SECTOR
naveenkumar20bps1137/predict-students-dropout-and-academic-success,2,0.12,0.23,CROSS_SECTOR
prathamjyotsingh/planets-dataset,2,0.15,0.18,CROSS_SECTOR
saurabhbadole/game-of-thrones-book-dataset,2,0.2,0.25,CROSS_SECTOR
andrewmvd/data-scientist-jobs,2,0.15,0.37,CROSS_SECTOR
dinachanthan/student-exam-dataset-with-issues,2,0.1,0.1,CROSS_SECTOR
thebumpkin/224-fleetwood-mac-studio-tracks-w-spotify-data,2,0.43,0.54,CROSS_SECTOR
tunguz/online-retail,2,0.19,0.51,CROSS_SECTOR
mkechinov/ecommerce-events-history-in-electronics-store,2,0.1,0.26,CROSS_SECTOR
dtrade84/nfl-offensive-stats-2019-2022,2,0.14,0.22,CROSS_SECTOR
/boston,2,0.23,0.54,CROSS_SECTOR
joebeachcapital/fantasy-football,2,0.1,0.17,CROSS_SECTOR
harigoshika/will-ai-take-your-job-an-in-depth-analysis,2,0.14,0.15,LOGISTICS
sgus1318/winedata,2,0.22,0.32,CROSS_SECTOR
nezahatkk/10-000-english-words-cerf-labelled,2,0.15,0.16,CROSS_SECTOR
dmitrybabko/speech-emotion-recognition-en,2,0.16,0.25,CROSS_SECTOR
ishanp923/laptops-dataset,2,0.15,0.24,CROSS_SECTOR
rupakroy/lstm-datasets-multivariate-univariate,2,0.14,0.17,CROSS_SECTOR
bhanupratapbiswas/inventory-analysis-case-study,2,0.1,0.15,CROSS_SECTOR
thebumpkin/ska-tracks-with-spotify-data,2,0.49,0.49,CROSS_SECTOR
currie32/crimes-in-chicago,2,0.15,0.19,CROSS_SECTOR
carlmcbrideellis/llm-7-prompt-training-dataset,2,0.13,0.21,CROSS_SECTOR
salmanfaroz/amazon-stock-price-1997-to-2020,2,0.17,0.23,CROSS_SECTOR
debashis74017/stock-market-data-nifty-50-stocks-1-min-data,2,0.28,0.42,CROSS_SECTOR
yuriykatser/power-transformers-fdd-and-rul,2,0.1,0.11,CROSS_SECTOR
loveall/appliances-energy-prediction,2,0.18,0.17,CROSS_SECTOR
mezowahed/telecommunications-industry-customer-churn-db,2,0.16,0.34,CROSS_SECTOR
mrsimple07/obesity-prediction,2,0.16,0.19,CROSS_SECTOR
moradrawashdeh/attack-simulation-lab,2,0.1,0.12,CROSS_SECTOR
gyanprakashkushwaha/laptop-price-prediction-cleaned-dataset,2,0.33,0.29,CROSS_SECTOR
rameshmehta/credit-risk-analysis,2,0.13,0.15,CROSS_SECTOR
mehmetisik/livestock-anaerobic-digester-database,2,0.1,0.1,CROSS_SECTOR
pankajkumar2002/random-image-sample-dataset,2,0.12,0.16,CROSS_SECTOR
ashishjangra27/face-mask-12k-images-dataset,2,0.15,0.44,CROSS_SECTOR
thedrcat/daigt-v3-train-dataset,2,0.13,0.35,CROSS_SECTOR
prashant111/the-simpsons-dataset,2,0.16,0.21,CROSS_SECTOR
mfekadu/english-multispeaker-corpus-for-voice-cloning,2,0.15,0.18,CROSS_SECTOR
abdallahwagih/imdb-movie-reviews,2,0.23,0.38,CROSS_SECTOR
ylchang/telco-customer-churn-1113,2,0.18,0.4,CROSS_SECTOR
radek1/deberta-v3-large-hf-weights,2,0.1,0.1,CROSS_SECTOR
/business-and-industry-reports,2,0.11,0.12,CROSS_SECTOR
mehmetisik/agstar-livestock-ad-database-combined,2,0.16,0.12,CROSS_SECTOR
doaaalsenani/usa-cers-dataset,2,0.22,0.28,CROSS_SECTOR
/human-activity-recognition-with-smartphones,2,0.1,0.26,HEALTH
sumitrodatta/nba-aba-baa-stats,2,0.12,0.28,CROSS_SECTOR
andrewmvd/ship-detection,2,0.13,0.23,CROSS_SECTOR
muki2003/yolo-drone-detection-dataset,2,0.19,0.24,CROSS_SECTOR
spscientist/students-performance-in-exams,2,0.18,0.38,EDUCATION
gabrielsantello/advertisement-click-on-ad,1,0.13,0.22,CROSS_SECTOR
shanegerami/ai-vs-human-text,1,0.12,0.17,CROSS_SECTOR
foolishboi/alpr-character-train,1,0.1,0.1,CROSS_SECTOR
agrigorev/clothing-dataset-full,1,0.15,0.21,CROSS_SECTOR
diegobabativa/depression,1,0.1,0.1,CROSS_SECTOR
uraninjo/augmented-alzheimer-mri-dataset,1,0.14,0.4,CROSS_SECTOR
tushartalukder/medical-image-segmentation-datasets-hi-gmisnet,1,0.1,0.15,CROSS_SECTOR
juanmah/paraulogic,1,0.1,0.1,CROSS_SECTOR
khaiid/startups-by-valuation,1,0.19,0.14,CROSS_SECTOR
girardi69/marathon-time-predictions,1,0.1,0.13,CROSS_SECTOR
rishavwalde/covid-19-global-data,1,0.12,0.34,CROSS_SECTOR
anand0427/cars93,1,0.1,0.1,CROSS_SECTOR
zaber666/meld-dataset,1,0.15,0.18,CROSS_SECTOR
/sf-library-usage-data,1,0.1,0.1,CROSS_SECTOR
alexattia/the-simpsons-characters-dataset,1,0.14,0.17,CROSS_SECTOR
sudipmanchare/simulated-sales-data-with-timeseries-features,1,0.15,0.19,CROSS_SECTOR
akash14/news-category-dataset,1,0.16,0.45,CROSS_SECTOR
andrewkronser/cve-common-vulnerabilities-and-exposures,1,0.1,0.12,CROSS_SECTOR
awsaf49/brats2020-training-data,1,0.11,0.33,HEALTH
mugheesahmad/sh17-dataset-for-ppe-detection,1,0.14,0.18,HEALTH
oliviervha/crypto-news,1,0.1,0.1,CROSS_SECTOR
sahityasetu/new-york-city-air-quality,1,0.18,0.26,CROSS_SECTOR
myrios/cost-of-living-index-by-country-by-number-2024,1,0.1,0.38,CROSS_SECTOR
rm1000/fortune-500-companies,1,0.1,0.28,CROSS_SECTOR
lhanhsin/vizwiz,1,0.1,0.1,CROSS_SECTOR
saketk511/2019-2024-us-stock-market-data,1,0.18,0.29,CROSS_SECTOR
benhamner/2016-us-election,1,0.1,0.28,CROSS_SECTOR
lehaknarnauli/spotify-datasets,1,0.28,0.19,CROSS_SECTOR
mexwell/telegram-spam-or-ham,1,0.1,0.26,CROSS_SECTOR
fatemehmehrparvar/skin-cancer-detection,1,0.1,0.43,CROSS_SECTOR
maxjeblick/bert-pretrained-models,1,0.1,0.22,CROSS_SECTOR
jocelyndumlao/global-fashion-brands,1,0.1,0.12,CROSS_SECTOR
samlearner/letterboxd-movie-ratings-data,1,0.13,0.13,CROSS_SECTOR
tanshihjen/malaysia-property-for-sale,1,0.11,0.11,CROSS_SECTOR
vbookshelf/rice-leaf-diseases,1,0.12,0.25,CROSS_SECTOR
/reddit-comments-may-2015,1,0.12,0.17,CROSS_SECTOR
arashnic/building-sites-power-consumption-dataset,1,0.2,0.2,CROSS_SECTOR
sdaiancai/saudilang-code-switch-corpus-scc,1,0.1,0.11,CROSS_SECTOR
swekerr/click-through-rate-prediction,1,0.13,0.11,CROSS_SECTOR
jsphyg/tipping,1,0.1,0.2,CROSS_SECTOR
akashguna/large-captcha-dataset,1,0.25,0.32,CROSS_SECTOR
whoosis/barcode-detection-annotated-dataset,1,0.16,0.22,CROSS_SECTOR
koki25ando/hostel-world-dataset,1,0.12,0.13,CROSS_SECTOR
tonygordonjr/spotify-dataset-2023,1,0.22,0.29,CROSS_SECTOR
sohamgade/plastic-datasets,1,0.1,0.25,CROSS_SECTOR
valentynsichkar/traffic-signs-preprocessed,1,0.1,0.32,CROSS_SECTOR
muhammadshahidazeem/customer-conversion-dataset-for-stuffmart-com,1,0.12,0.17,CROSS_SECTOR
hmendonca/efficientnet-pytorch,1,0.1,0.1,CROSS_SECTOR
sudhanvahg/hourly-sensor-data-for-forecasting,1,0.13,0.15,CROSS_SECTOR
iqmansingh/company-employee-dataset,1,0.14,0.26,CROSS_SECTOR
nikdavis/steam-store-games,1,0.14,0.31,CROSS_SECTOR
nitinsss/fashion-dataset-with-over-15000-labelled-images,1,0.14,0.22,CROSS_SECTOR
aadarshvelu/liver-cirrhosis-stage-classification,1,0.1,0.2,CROSS_SECTOR
sohier/mussel-watch,1,0.1,0.1,CROSS_SECTOR
schirmerchad/bostonhoustingmlnd,1,0.12,0.41,CROSS_SECTOR
abhayayare/flower-dataset,1,0.16,0.24,AGRIFOOD
danofer/india-census,1,0.29,0.22,CROSS_SECTOR
msambare/fer2013,1,0.1,0.1,SPORT
ruqaiyaship/osha-accident-and-injury-data-1517,1,0.14,0.13,CROSS_SECTOR
devorvant/economic-calendar,1,0.1,0.14,CROSS_SECTOR
shawkygamal/mnist-images,1,0.1,0.2,CROSS_SECTOR
muhakabartay/binary-neutron-star-merger,1,0.1,0.2,CROSS_SECTOR
omarhanyy/imdb-top-1000,1,0.17,0.22,CROSS_SECTOR
alyeasin/predict-pizza-price,1,0.3,0.24,CROSS_SECTOR
arkadiuszkaros/soccer-data-of-teams-players-and-shots-2018-2023,1,0.1,0.15,CROSS_SECTOR
jjinho/wikipedia-2023-07-faiss-index,1,0.11,0.16,CROSS_SECTOR
carlosparadis/fires-from-space-australia-and-new-zeland,1,0.1,0.11,CROSS_SECTOR
thiagobodruk/brazil-geojson,1,0.1,0.13,CROSS_SECTOR
gabrielramos87/an-online-shop-business,1,0.13,0.16,CROSS_SECTOR
nadintamer/top-spotify-tracks-of-2018,1,0.3,0.32,CROSS_SECTOR
kmader/siim-medical-images,1,0.1,0.13,HEALTH
shayanshahid997/parking-violations-issued-from-january-may-2024,1,0.11,0.13,CROSS_SECTOR
tawsifurrahman/tuberculosis-tb-chest-xray-dataset,1,0.1,0.22,CROSS_SECTOR
thedevastator/spotify-tracks-genre-dataset,1,0.38,0.3,CROSS_SECTOR
zikazika/crimes-un-datacsv,1,0.13,0.11,CROSS_SECTOR
abdelrahmanalimo/saudi-arabian-stock-market-data,1,0.25,0.24,CROSS_SECTOR
datasnaek/chess,1,0.11,0.2,CROSS_SECTOR
huntermcgushion/rrv-weather-data,1,0.13,0.21,CROSS_SECTOR
ruslankl/mice-protein-expression,1,0.1,0.13,CROSS_SECTOR
dipuiucse/monkeypoxskinimagedataset,1,0.14,0.27,CROSS_SECTOR
sandibaressiegota/robot-kinematics-dataset,1,0.1,0.16,CROSS_SECTOR
vaillant/rsna-str-pe-detection-jpeg-256,1,0.11,0.12,CROSS_SECTOR
rahulsah06/titanic,1,0.1,0.49,CROSS_SECTOR
jamespauls/energy-utilities-application-data,1,0.11,0.16,CROSS_SECTOR
muhammadroshaanriaz/cancer-dataset-risk-of-developing-or-dying,1,0.16,0.21,HEALTH
hamzamanssor/car-damage-assessment,1,0.1,0.18,CROSS_SECTOR
gpreda/coronavirus-2019ncov,1,0.1,0.1,CROSS_SECTOR
naim99/ts-naim-mhedhbi,1,0.1,0.12,CROSS_SECTOR
zhangjuefei/birds-bones-and-living-habits,1,0.1,0.12,CROSS_SECTOR
rayeed045/american-sign-language-digit-dataset,1,0.14,0.33,CROSS_SECTOR
thebumpkin/1960s-forgotten-hits-with-spotify-data,1,0.28,0.44,CROSS_SECTOR
/health-insurance,1,0.1,0.19,CROSS_SECTOR
ciplab/real-and-fake-face-detection,1,0.1,0.3,CROSS_SECTOR
hudsonstuck/stockx-data-contest,1,0.1,0.13,CROSS_SECTOR
rtatman/stopword-lists-for-african-languages,1,0.1,0.11,CROSS_SECTOR
sandiledesmondmfazi/bank-customer-churn,1,0.29,0.47,FINANCE
braunge/aerial-view-car-detection-for-yolov5,1,0.12,0.16,CROSS_SECTOR
sarthakkapaliya/amazon-product-length-prediction-dataset,1,0.17,0.19,CROSS_SECTOR
rabieelkharoua/traffic-flow-forecasting-dataset,1,0.13,0.21,CROSS_SECTOR
ahmedtronic/german-credit,1,0.1,0.12,CROSS_SECTOR
baleshs/titanic-dataset,1,0.22,0.61,CROSS_SECTOR
/city-lines,1,0.12,0.12,CROSS_SECTOR
devdgohil/the-oxfordiiit-pet-dataset,1,0.12,0.28,CROSS_SECTOR
mihelic/cyclistic,1,0.1,0.1,CROSS_SECTOR
reenapinto/flipkart-best-selling-books,1,0.15,0.25,CROSS_SECTOR
/political-social-media-posts,1,0.1,0.1,CROSS_SECTOR
shamstabrezkhan/happy-and-sad-images-dataset-for-cnn,1,0.12,0.21,EDUCATION
melissamonfared/dances,1,0.1,0.1,CROSS_SECTOR
caesarmario/our-world-in-data-covid19-dataset,1,0.19,0.31,CROSS_SECTOR
/museum-directory,1,0.11,0.1,CROSS_SECTOR
borismarjanovic/price-volume-data-for-all-us-stocks-etfs,1,0.17,0.3,FINANCE
ashishjangra27/doodle-dataset,1,0.15,0.13,ENTERTAINMENT
nicoletacilibiu/movies-and-ratings-for-recommendation-system,1,0.11,0.22,CROSS_SECTOR
hassanamin/customer-churn,1,0.18,0.34,CROSS_SECTOR
divyansh22/us-border-crossing-data,1,0.22,0.21,CROSS_SECTOR
leanerhorizon88/cvcclinicdb,1,0.1,0.1,CROSS_SECTOR
jorekai/anomaly-detection-falling-people-events,1,0.1,0.1,CROSS_SECTOR
piyushagni5/white-wine-quality,1,0.2,0.57,CROSS_SECTOR
/online-auctions-dataset,1,0.17,0.11,CROSS_SECTOR
madyanomar/eeg-data-distance-learning-environment,1,0.14,0.27,CROSS_SECTOR
henryshan/google-stock-price,1,0.13,0.31,CROSS_SECTOR
khushiipatni/satellite-image-and-mask,1,0.12,0.19,CROSS_SECTOR
hrdkcodes/wine-data,1,0.22,0.39,CROSS_SECTOR
xhlulu/vitpytorch,1,0.1,0.27,CROSS_SECTOR
ramoliyafenil/text-based-cyber-threat-detection,1,0.14,0.23,CROSS_SECTOR
hammaadali/insects-recognition,1,0.1,0.1,CROSS_SECTOR
snehangsude/audible-dataset,1,0.2,0.14,CROSS_SECTOR
paultimothymooney/breast-histopathology-images,1,0.11,0.23,CROSS_SECTOR
andrewmvd/car-plate-detection,1,0.13,0.32,CROSS_SECTOR
vijaygiitk/multiclass-weather-dataset,1,0.13,0.19,CROSS_SECTOR
fazilbtopal/auto85,1,0.17,0.23,CROSS_SECTOR
chrico03/art-garfunkels-library,1,0.1,0.1,CROSS_SECTOR
krupalpatel07/pepsico-daily-data,1,0.13,0.17,CROSS_SECTOR
suhj22/covid19-excel-dataset-with-interactive-dashboard,1,0.2,0.18,CROSS_SECTOR
nextmillionaire/pizza-sales-dataset,1,0.22,0.39,SPORT
shahriarkabir/amazon-100-bestselling-books-with-reviews-in-2024,1,0.1,0.26,CROSS_SECTOR
warcoder/infant-cry-audio-corpus,1,0.1,0.18,CROSS_SECTOR
asaniczka/ufc-fighters-statistics,1,0.11,0.35,CROSS_SECTOR
ahbab911/top-250-korean-dramas-kdrama-dataset,1,0.12,0.16,CROSS_SECTOR
liiucbs/crypto-fear-and-greed-index,1,0.11,0.13,CROSS_SECTOR
/netflix-prize-data,1,0.22,0.12,ENTERTAINMENT
vencerlanz09/healthy-and-bleached-corals-image-classification,1,0.11,0.15,CROSS_SECTOR
maneshkokare/retinopathy-dataset,1,0.21,0.23,CROSS_SECTOR
shibumohapatra/icmr-data,1,0.17,0.18,CROSS_SECTOR
asaniczka/reddit-on-israel-palestine-daily-updated,1,0.11,0.28,CROSS_SECTOR
sgsparsh06/suspicious-shoplifting-activity-detection,1,0.13,0.15,CROSS_SECTOR
drahulsingh/largest-banks,1,0.1,0.1,CROSS_SECTOR
mohamedsaqibshouqi/t20-world-cup-2024-top-teams-and-players,1,0.12,0.39,CROSS_SECTOR
thedevastator/glaive-python-code-qa-dataset,1,0.15,0.17,CROSS_SECTOR
arashnic/faces-age-detection-dataset,1,0.1,0.14,CROSS_SECTOR
sahityasetu/us-senate-election-returns-1976-2018,1,0.1,0.23,CROSS_SECTOR
jiashenliu/515k-hotel-reviews-data-in-europe,1,0.13,0.27,CROSS_SECTOR
goelyash/disney-hotstar-tv-and-movie-catalog,1,0.12,0.24,CROSS_SECTOR
etiennelq/french-employment-by-town,1,0.1,0.11,CROSS_SECTOR
sagyamthapa/handwritten-math-symbols,1,0.1,0.18,CROSS_SECTOR
aibuzz/predict-the-genetic-disorders-datasetof-genomes,1,0.12,0.15,CROSS_SECTOR
quadeer15sh/augmented-forest-segmentation,1,0.11,0.15,CROSS_SECTOR
rcratos/diabetes-risk-prediction,1,0.11,0.3,CROSS_SECTOR
armitaraz/google-war-news,1,0.11,0.24,CROSS_SECTOR
pdaasha/ga4-obfuscated-sample-ecommerce-jan2021,1,0.14,0.19,CROSS_SECTOR
aryashah2k/nfuqnidsv2-network-intrusion-detection-dataset,1,0.14,0.18,CROSS_SECTOR
/global-food-agriculture-statistics,1,0.1,0.22,CROSS_SECTOR
sukhmandeepsinghbrar/water-quality,1,0.14,0.42,CROSS_SECTOR
andrewmvd/divorce-prediction,1,0.1,0.16,CROSS_SECTOR
austro/beat-the-bookie-worldwide-football-dataset,1,0.13,0.12,CROSS_SECTOR
johnharshith/hollywood-theatrical-market-synopsis-1995-to-2021,1,0.1,0.1,CROSS_SECTOR
faldoae/padangfood,1,0.12,0.27,CROSS_SECTOR
snmahsa/human-images-dataset-men-and-women,1,0.15,0.22,HEALTH
dasgroup/rba-dataset,1,0.12,0.11,CROSS_SECTOR
krzysztofszafraski/paris2024-olympics-country-level-data,1,0.13,0.16,CROSS_SECTOR
kkhandekar/calories-in-food-items-per-100-grams,1,0.1,0.15,CROSS_SECTOR
aishwaryamuthukumar/cars-dataset-audi-bmw-ford-hyundai-skoda-vw,1,0.14,0.19,CROSS_SECTOR
dansbecker/hot-dog-not-hot-dog,1,0.1,0.1,CROSS_SECTOR
jackdaoud/esports-earnings-for-players-teams-by-game,1,0.1,0.19,CROSS_SECTOR
michaeljohnsonjr/divvytrips2021,1,0.1,0.17,CROSS_SECTOR
orkunaktas/eurusd-1h-2020-2024-september-forex,1,0.1,0.17,CROSS_SECTOR
joebeachcapital/qs-world-university-rankings-2024,1,0.1,0.48,CROSS_SECTOR
prasad22/pmc-hospital-infrastructure,1,0.12,0.11,CROSS_SECTOR
adarshsng/lending-club-loan-data-csv,1,0.17,0.24,CROSS_SECTOR
zusmani/gufhtugu-publications-dataset-challenge,1,0.14,0.15,CROSS_SECTOR
robikscube/hourly-energy-consumption,1,0.15,0.26,CROSS_SECTOR
willianoliveiragibin/world-population-prospects-2024,1,0.12,0.42,CROSS_SECTOR
shahriarkabir/laptop-dataset-clean,1,0.28,0.29,CROSS_SECTOR
sazidthe1/global-unemployment-data,1,0.16,0.23,CROSS_SECTOR
sergylog/ab-test-data,1,0.14,0.14,CROSS_SECTOR
ashfakyeafi/road-vehicle-images-dataset,1,0.16,0.23,CROSS_SECTOR
hasnainkhan0123/binary-image-classification,1,0.1,0.17,CROSS_SECTOR
sukhmandeepsinghbrar/heart-attack-dataset,1,0.21,0.45,CROSS_SECTOR
zusmani/pakistansuicideattacks,1,0.1,0.17,CROSS_SECTOR
danielgraham1997/commonvoice2,1,0.1,0.13,CROSS_SECTOR
alexsandrorolim/e-commerce,1,0.15,0.21,CROSS_SECTOR
felipekitamura/head-ct-hemorrhage,1,0.1,0.17,CROSS_SECTOR
kkhandekar/cheapest-electric-cars,1,0.12,0.19,CROSS_SECTOR
sonialikhan/international-football-results-from-1872-to-2024,1,0.12,0.29,CROSS_SECTOR
/student-alcohol-consumption,1,0.16,0.23,HEALTH
dansbecker/new-york-city-taxi-fare-prediction,1,0.17,0.14,LOGISTICS
anshtanwar/monthly-food-price-estimates,1,0.11,0.33,CROSS_SECTOR
asaniczka/crimes-in-los-angeles-2020-2023,1,0.14,0.47,CROSS_SECTOR
unmoved/frack-site-data,1,0.17,0.12,LOGISTICS
riyaelizashaju/isic-skin-disease-image-dataset-labelled,1,0.11,0.24,CROSS_SECTOR
saurabhbadole/housing-price-data,1,0.14,0.23,CROSS_SECTOR
thedevastator/adidas-fashion-retail-products-dataset-9300-prod,1,0.19,0.25,CROSS_SECTOR
sudhanvahg/industrial-alarm-monitoring-dataset-2018-2024,1,0.15,0.14,CROSS_SECTOR
rupakroy/credit-data,1,0.1,0.1,CROSS_SECTOR
prakashraushan/loan-dataset,1,0.18,0.28,CROSS_SECTOR
ryanholbrook/dl-course-data,1,0.14,0.15,EDUCATION
michaelbryantds/78k-music-album-reviews,1,0.12,0.24,CROSS_SECTOR
xhlulu/efficientnet-keras-source-code,1,0.1,0.18,CROSS_SECTOR
zgnbyktanr/turkish-psychological-classification-for-nlp,1,0.11,0.14,CROSS_SECTOR
sahityasetu/best-snapchat-discover-stories,1,0.1,0.1,CROSS_SECTOR
edomingo/bicing-stations-dataset-bcn-bike-sharing,1,0.15,0.33,CROSS_SECTOR
gnomows/dados-metereologicos-2018-2024-inmet,1,0.11,0.12,CROSS_SECTOR
gauravsrivastav2507/usa-shape-file,1,0.11,0.1,CROSS_SECTOR
joebeachcapital/amazon-books,1,0.15,0.32,CROSS_SECTOR
pcbreviglieri/smart-grid-stability,1,0.1,0.2,CROSS_SECTOR
ipateam/segmentation-of-nuclei-in-cryosectioned-he-images,1,0.1,0.1,CROSS_SECTOR
cnic92/200-financial-indicators-of-us-stocks-20142018,1,0.1,0.11,CROSS_SECTOR
/us-consumer-finance-complaints,1,0.1,0.26,CROSS_SECTOR
trainingdatapro/ocr-receipts-text-detection,1,0.16,0.23,CROSS_SECTOR
kouroshalizadeh/history-of-philosophy,1,0.1,0.1,CROSS_SECTOR
sinatavakoli/people-slurs-dataset,1,0.12,0.18,CROSS_SECTOR
parulpandey/forbes-highest-paid-athletes-19902019,1,0.1,0.14,CROSS_SECTOR
yakhyojon/tiktok,1,0.15,0.17,CROSS_SECTOR
durgeshrao9993/shark-tank-india-2022-dataset,1,0.22,0.34,CROSS_SECTOR
ramontanoeiro/summer-olympic-medals-1986-2020,1,0.12,0.29,CROSS_SECTOR
bhaveshmittal/melanoma-cancer-dataset,1,0.15,0.31,CROSS_SECTOR
sshikamaru/fruit-recognition,1,0.15,0.18,CROSS_SECTOR
miguelh65/tomato-plant-disease-dataset,1,0.11,0.29,CROSS_SECTOR
shivam2503/diamonds,1,0.1,0.2,AGRIFOOD
trainingdatapro/printout,1,0.1,0.11,CROSS_SECTOR
jarvisgroot/brain-tumor-classification-mri-images,1,0.12,0.36,CROSS_SECTOR
jainilcoder/online-payment-fraud-detection,1,0.11,0.33,FINANCE
thtuan/mvtecad-mvtec-anomaly-detection,1,0.13,0.19,CROSS_SECTOR
promptcloud/myntra-e-commerce-product-data-october-2023,1,0.1,0.16,CROSS_SECTOR
sachsene/carla-traffic-lights-images,1,0.1,0.21,CROSS_SECTOR
zeesolver/dark-web,1,0.1,0.19,CROSS_SECTOR
bhanupratapbiswas/weather-data,1,0.14,0.32,CROSS_SECTOR
/stanford-question-answering-dataset,1,0.12,0.33,EDUCATION
zygmunt/goodbooks-10k,1,0.1,0.12,CROSS_SECTOR
melissamonfared/scrabble-games,1,0.13,0.2,SPORT
atifmasih/climate-change-dataset2020-2024,1,0.1,0.14,CROSS_SECTOR
anmolkumar/house-price-prediction-challenge,1,0.1,0.35,CROSS_SECTOR
norbertelter/pcb-defect-dataset,1,0.17,0.26,CROSS_SECTOR
yudhaislamisulistya/plants-type-datasets,1,0.1,0.13,CROSS_SECTOR
theblackmamba31/landscape-image-colorization,1,0.11,0.15,CROSS_SECTOR
abdelazizsami/early-stage-diabetes-risk-prediction,1,0.11,0.29,HEALTH
tushar5harma/plant-village-dataset-updated,1,0.14,0.23,CROSS_SECTOR
mrsimple07/employee-attrition-data-prediction,1,0.21,0.39,CROSS_SECTOR
ka1242/deepcube-rc3-dataset,1,0.15,0.17,CROSS_SECTOR
brahimettanany/walking-data-set-steps-distance-and-duration,1,0.14,0.14,CROSS_SECTOR
abhayayare/stock-prediction-dataset,1,0.16,0.24,CROSS_SECTOR
nehaprabhavalkar/india-gis-data,1,0.28,0.17,CROSS_SECTOR
yiyiwang0826/cocacola-excel,1,0.12,0.1,CROSS_SECTOR
thedevastator/udemy-courses-revenue-generation-and-course-anal,1,0.1,0.28,CROSS_SECTOR
ashery/chexpert,1,0.1,0.1,CROSS_SECTOR
thebumpkin/auto-insurance-claims-updated-to-2024,1,0.1,0.16,CROSS_SECTOR
papasricas/datos-de-venta-de-tiendas-en-peru10midatos,1,0.1,0.1,CROSS_SECTOR
kmader/skin-cancer-mnist-ham10000,1,0.12,0.31,HEALTH
zubairmustafa/shopping-mall-customer-segmentation-data,1,0.17,0.4,CROSS_SECTOR
/nepali-number-plate-characters-dataset,1,0.12,0.33,CROSS_SECTOR
emirhanai/planets-and-moons-dataset-ai-in-space,1,0.11,0.18,CROSS_SECTOR
gufukuro/movie-scripts-corpus,1,0.1,0.22,CROSS_SECTOR
arnavsmayan/urban-mobility-dataset,1,0.17,0.24,CROSS_SECTOR
ybifoundation/pharma-drug-sales,1,0.1,0.25,CROSS_SECTOR
muamkh/ihsgstockdata,1,0.17,0.17,CROSS_SECTOR
tapakah68/emotions-on-audio-dataset,1,0.16,0.28,CROSS_SECTOR
sujaykapadnis/banana-disease-recognition-dataset,1,0.16,0.25,CROSS_SECTOR
ananthu017/california-wildfire-incidents-20132020,1,0.1,0.11,CROSS_SECTOR
sovitrath/leaf-disease-segmentation-with-trainvalid-split,1,0.11,0.23,CROSS_SECTOR
thebumpkin/2000s-classic-movies-with-tmdb-data,1,0.19,0.5,CROSS_SECTOR
ankitkr60/advertisement-and-sales-data-for-analysis,1,0.13,0.18,CROSS_SECTOR
sukhmandeepsinghbrar/most-subscribed-youtube-channel,1,0.1,0.22,CROSS_SECTOR
brarajit18/student-feedback-dataset,1,0.11,0.21,CROSS_SECTOR
antaresnyc/human-gut-microbiome-with-asd,1,0.11,0.15,CROSS_SECTOR
andy8744/playing-cards-object-detection-dataset,1,0.21,0.21,CROSS_SECTOR
alessandrolobello/the-ultimate-film-statistics-dataset-for-ml,1,0.11,0.18,CROSS_SECTOR
andrewmvd/retinal-disease-classification,1,0.14,0.11,CROSS_SECTOR
abhijitdahatonde/swiggy-restuarant-dataset,1,0.17,0.35,CROSS_SECTOR
carlolepelaars/toy-dataset,1,0.12,0.13,CROSS_SECTOR
reubensuju/celeb-df-v2,1,0.1,0.15,CROSS_SECTOR
humansintheloop/semantic-segmentation-of-aerial-imagery,1,0.12,0.16,CROSS_SECTOR
prathumarikeri/indian-sign-language-isl,1,0.13,0.4,HEALTH
gvyshnya/gold-future-prices,1,0.14,0.13,CROSS_SECTOR
isakatsuyoshi/llm-20-questions-wikipedia-context,1,0.11,0.11,SPORT
mslatifpour/ted-talks-dataset-dslanders,1,0.14,0.1,CROSS_SECTOR
bjoernjostein/ptbxl-electrocardiography-database,1,0.1,0.2,CROSS_SECTOR
/chicago-red-light-and-speed-camera-data,1,0.19,0.16,CROSS_SECTOR
henriqueyamahata/bank-marketing,1,0.19,0.52,CROSS_SECTOR
sanaaafrine/covid-19-dataset,1,0.17,0.42,CROSS_SECTOR
shivan118/hranalysis,1,0.1,0.14,CROSS_SECTOR
prathamgrover/fake-news-prediction,1,0.12,0.55,CROSS_SECTOR
vikasukani/parkinsons-disease-data-set,1,0.13,0.35,HEALTH
yapwh1208/supermarket-sales-data,1,0.12,0.12,CROSS_SECTOR
kanchana1990/instagram-ratings-and-reviews-appstore,1,0.12,0.21,CROSS_SECTOR
abhijitdahatonde/fifa-world-cup-all-dataset,1,0.2,0.41,CROSS_SECTOR
mohamedgobara/oral-lesions-malignancy-detection-dataset,1,0.12,0.15,CROSS_SECTOR
amansingh0000000/image-classification-and-yolo-dataset,1,0.2,0.22,CROSS_SECTOR
elhelbawylogin/covid-portfolio-project-actual-scripts,1,0.12,0.36,CROSS_SECTOR
santiagovolpi/los-100-clubes-de-futbol-mejor-valuados-del-mundo,1,0.1,0.12,CROSS_SECTOR
danevans/world-bank-wdi-212-health-systems,1,0.11,0.13,CROSS_SECTOR
ahmeterdemyenay/my1995-2023-fuel-consumption-ratings,1,0.1,0.12,CROSS_SECTOR
arunjangir245/delhi-metro-dataset,1,0.15,0.12,CROSS_SECTOR
ammaraahmad/top-10-machine-learning-datasets,1,0.1,0.12,CROSS_SECTOR
vishalsubbiah/pokemon-images-and-types,1,0.12,0.33,CROSS_SECTOR
shrutimehta/zomato-restaurants-data,1,0.11,0.39,CROSS_SECTOR
thebumpkin/elo-studio-tracks-with-spotify-data,1,0.54,0.55,CROSS_SECTOR
mmoreaux/environmental-sound-classification-50,1,0.13,0.11,CROSS_SECTOR
pyatakov/india-agriculture-crop-production,1,0.1,0.41,CROSS_SECTOR
/customer-support-on-twitter,1,0.13,0.2,CROSS_SECTOR
tush32/motor-vehicle-collisions-crashes,1,0.1,0.34,CROSS_SECTOR
kinguistics/heartbeat-sounds,1,0.1,0.14,CROSS_SECTOR
durjoychandrapaul/over-11500-bangla-news-for-nlp,1,0.11,0.2,LOGISTICS
rdoume/beerreviews,1,0.1,0.19,CROSS_SECTOR
rikdifos/english-and-chinese-stopwords,1,0.13,0.13,CROSS_SECTOR
khalidative/crimeanalysis,1,0.13,0.31,CROSS_SECTOR
vbmokin/wq-southern-bug-river-01052021,1,0.13,0.25,CROSS_SECTOR
anthonytherrien/restaurant-revenue-prediction-dataset,1,0.12,0.33,CROSS_SECTOR
ejmontes/venta-de-autos,1,0.1,0.1,CROSS_SECTOR
andrewmvd/leukemia-classification,1,0.13,0.15,CROSS_SECTOR
ll01dm/set-5-14-super-resolution-dataset,1,0.14,0.18,CROSS_SECTOR
/how-isis-uses-twitter,1,0.12,0.12,CROSS_SECTOR
abbabiavati/bcorp-vs-non-b-corps-employee-reviews,1,0.1,0.16,CROSS_SECTOR
hasyimabdillah/workoutexercises-images,1,0.1,0.15,CROSS_SECTOR
ddosad/dummy-truck-sales-for-time-series,1,0.12,0.25,CROSS_SECTOR
ttungl/adience-benchmark-gender-and-age-classification,1,0.11,0.1,CROSS_SECTOR
batrosjamali/most-spoken-languages-worldwide-in-millions,1,0.11,0.11,CROSS_SECTOR
yousefsaeedian/awesome-chatgpt-prompts,1,0.13,0.1,CROSS_SECTOR
kafkarps/five-years-weather-data-of-kolkata,1,0.1,0.1,CROSS_SECTOR
yutanakamura/glove42b300dtxt,1,0.1,0.34,CROSS_SECTOR
shantanudhakadd/diabetes-dataset-for-beginners,1,0.18,0.43,CROSS_SECTOR
vladimirvorobevv/chatgpt-paraphrases,1,0.13,0.1,CROSS_SECTOR
atharvjairath/flipkart-ecommerce-dataset,1,0.13,0.24,CROSS_SECTOR
maajdl/yeh-concret-data,1,0.1,0.35,CROSS_SECTOR
amalab182/property-salesmelbourne-city,1,0.1,0.15,CROSS_SECTOR
sharansmenon/div2k,1,0.1,0.1,CROSS_SECTOR
lextoumbourou/plantvillageapplecolor,1,0.12,0.1,CROSS_SECTOR
samaxtech/chinook-music-store-data,1,0.15,0.15,CROSS_SECTOR
reserachauto/human-behaviour-based-on-physiological-data,1,0.13,0.11,CROSS_SECTOR
sahityasetu/paris-2024-olympics-faq,1,0.11,0.33,SPORT
dansbecker/cityscapes-image-pairs,1,0.11,0.1,CROSS_SECTOR
yash612/stockmarket-sentiment-dataset,1,0.18,0.2,CROSS_SECTOR
divu2001/coffee-shop-sales-analysis,1,0.1,0.34,CROSS_SECTOR
mattop/panda-or-bear-image-classification,1,0.13,0.14,CROSS_SECTOR
tunguz/drug-use-by-age,1,0.1,0.15,CROSS_SECTOR
matthewjansen/pubmed-200k-rtc,1,0.12,0.1,CROSS_SECTOR
cagrigungor/ankara-pavyon-dataset,1,0.12,0.19,CROSS_SECTOR
saratchendra/medicine-recommendation,1,0.1,0.1,CROSS_SECTOR
waqi786/worldwide-coffee-habits-dataset,1,0.14,0.21,AGRIFOOD
myrios/news-sentiment-analysis,1,0.1,0.29,CROSS_SECTOR
szamil/who-suicide-statistics,1,0.1,0.14,CROSS_SECTOR
farhanmd29/position-salaries,1,0.1,0.1,CROSS_SECTOR
mitul1999/explore-20-years-of-usa-stock-market-data,1,0.13,0.21,CROSS_SECTOR
lorenzovzquez/data-jobs-salaries,1,0.17,0.35,CROSS_SECTOR
tobiasbueck/multilingual-customer-support-tickets,1,0.1,0.24,CROSS_SECTOR
kwentar/blur-dataset,1,0.18,0.14,CROSS_SECTOR
asdasdasasdas/garbage-classification,1,0.12,0.3,LOGISTICS
varpit94/apple-stock-data-updated-till-22jun2021,1,0.17,0.4,CROSS_SECTOR
mrsimple07/energy-consumption-prediction,1,0.15,0.12,CROSS_SECTOR
aijain/hindi-health-dataset,1,0.13,0.25,CROSS_SECTOR
shanecandoit/dataset-of-bmode-fatty-liver-ultrasound-images,1,0.17,0.19,CROSS_SECTOR
batuhanyil/electron-microscopy-particle-segmentation,1,0.1,0.17,CROSS_SECTOR
aaryapatel98/indian-diabetic-retinopathy-image-dataset,1,0.11,0.22,CROSS_SECTOR
jguerreiro/running,1,0.1,0.11,CROSS_SECTOR
sdolezel/black-friday,1,0.1,0.1,CROSS_SECTOR
ajifoster3/yolo-annotated-wind-turbines-586x371,1,0.12,0.14,CROSS_SECTOR
shaunthesheep/microsoft-catsvsdogs-dataset,1,0.1,0.28,SPORT
praveenchoudhary1217/electric-vehicle-sales-in-india,1,0.12,0.22,CROSS_SECTOR
rabieelkharoua/chronic-kidney-disease-dataset-analysis,1,0.17,0.41,CROSS_SECTOR
volpatto/coffee-quality-database-from-cqi,1,0.1,0.24,CROSS_SECTOR
tli725/jl-corpus,1,0.1,0.1,CROSS_SECTOR
rushikeshdarge/constitution-of-india,1,0.15,0.19,CROSS_SECTOR
emreksz/data-scientist-job-roles-in-uk,1,0.23,0.22,CROSS_SECTOR
bistaumanga/usps-dataset,1,0.12,0.18,CROSS_SECTOR
cdeotte/melanoma-128x128,1,0.1,0.44,CROSS_SECTOR
ulrikthygepedersen/video-games-sales,1,0.16,0.41,CROSS_SECTOR
/numta,1,0.1,0.16,CROSS_SECTOR
stefanoleone992/mutual-funds-and-etfs,1,0.16,0.15,CROSS_SECTOR
shawon10/web-log-dataset,1,0.15,0.16,CROSS_SECTOR
datascientist97/screen-time-app-details,1,0.11,0.17,CROSS_SECTOR
anirudhg15/mammals-classification,1,0.1,0.2,CROSS_SECTOR
rishabhiitbhu/pretrainedmodels,1,0.1,0.1,CROSS_SECTOR
arezalo/bank-personal-loan,1,0.25,0.1,CROSS_SECTOR
himanshunakrani/iris-dataset,1,0.19,0.6,EDUCATION
iamprateek/wallmart-sales-forecast-datasets,1,0.12,0.1,CROSS_SECTOR
mdwaquarazam/microorganism-image-classification,1,0.1,0.2,CROSS_SECTOR
alexryzhkov/automl-gp5-lightautoml-oofs-and-test-preds,1,0.11,0.1,CROSS_SECTOR
niharika41298/gym-exercise-data,1,0.14,0.23,CROSS_SECTOR
raghadalharbi/breast-cancer-gene-expression-profiles-metabric,1,0.11,0.36,CROSS_SECTOR
d4rklucif3r/cat-and-dogs,1,0.1,0.27,CROSS_SECTOR
lplenka/coco-car-damage-detection-dataset,1,0.16,0.26,CROSS_SECTOR
jocelyndumlao/cardiovascular-disease-dataset,1,0.1,0.1,CROSS_SECTOR
himanshunakrani/student-study-hours,1,0.17,0.13,CROSS_SECTOR
ascanipek/eyepacs-aptos-messidor-diabetic-retinopathy,1,0.1,0.26,CROSS_SECTOR
vishaldeoprasad/bangalore-rapido-ride-services-dataset,1,0.13,0.15,CROSS_SECTOR
ahmedlahlou/accidents-in-france-from-2005-to-2016,1,0.12,0.19,CROSS_SECTOR
usharengaraju/pandaset-dataset,1,0.23,0.19,CROSS_SECTOR
chitholian/annotated-potholes-dataset,1,0.11,0.24,CROSS_SECTOR
/hurricane-database,1,0.11,0.11,CROSS_SECTOR
omercolakoglu/turkish-market-sales-dataset-with-9000items,1,0.13,0.21,CROSS_SECTOR
elenagolimblevskaia/glacier-lakes-detection-via-satellite-images,1,0.13,0.1,CROSS_SECTOR
philosopher0808/real-vs-ai-generated-faces-dataset,1,0.15,0.17,CROSS_SECTOR
thebumpkin/2010s-movies-with-tmdb-data,1,0.14,0.5,CROSS_SECTOR
humagonen/amazon-reviews-for-sentiment-analysis-train-clean,1,0.12,0.36,CROSS_SECTOR
aleksandrdubrovin/deepsigio-radioml-201801a-new,1,0.1,0.16,CROSS_SECTOR
devzohaib/eligibility-prediction-for-loan,1,0.12,0.34,CROSS_SECTOR
stefadp/ansibledefectsprediction,1,0.1,0.13,CROSS_SECTOR
ninadaithal/imagesoasis,1,0.14,0.18,CROSS_SECTOR
teocalvo/tse-analytics,1,0.1,0.1,SPORT
blackmoon/russian-language-toxic-comments,1,0.1,0.1,CROSS_SECTOR
phucthaiv02/butterfly-image-classification,1,0.1,0.33,CROSS_SECTOR
/ufo-sightings,1,0.1,0.17,CROSS_SECTOR
seshadrikolluri/ansur-ii,1,0.1,0.1,CROSS_SECTOR
gauthamp10/google-playstore-apps,1,0.1,0.48,CROSS_SECTOR
mohammadkaiftahir/madhav-store-dataset,1,0.14,0.29,CROSS_SECTOR
ekibee/car-sales-information,1,0.15,0.19,CROSS_SECTOR
kornilovag94/bank-credit-default-loan-default,1,0.11,0.19,CROSS_SECTOR
patricklford/knifes-out,1,0.1,0.1,CROSS_SECTOR
shaz13/real-world-documents-collections,1,0.1,0.12,CROSS_SECTOR
subinium/highresolution-anime-face-dataset-512x512,1,0.15,0.24,CROSS_SECTOR
alainashinde/srsno-avg2,1,0.1,0.1,CROSS_SECTOR
manishkumar7432698/tiktok-profiles-data,1,0.17,0.17,CROSS_SECTOR
laurentmih/aisegmentcom-matting-human-datasets,1,0.1,0.13,CROSS_SECTOR
ashishraut64/global-methane-emissions,1,0.1,0.24,CROSS_SECTOR
wjybuqi/traffic-light-detection-dataset,1,0.13,0.3,CROSS_SECTOR
atulmittal199174/bigbazaar-sales-data,1,0.15,0.13,CROSS_SECTOR
karolkrusznyski/loczek-ecommers-hair-shop-products,1,0.1,0.12,CROSS_SECTOR
/course-study,1,0.13,0.17,CROSS_SECTOR
pavanreddy6/chennai-water-reservoirs,1,0.1,0.19,CROSS_SECTOR
kaustubhb999/tomatoleaf,1,0.1,0.4,AGRIFOOD
rajanand/import-and-export-by-india,1,0.13,0.17,CROSS_SECTOR
marlesson/news-of-the-site-folhauol,1,0.1,0.21,CROSS_SECTOR
roblexnana/alice-wonderland-dataset,1,0.1,0.13,CROSS_SECTOR
yashpaloswal/fraud-detection-credit-card,1,0.1,0.5,CROSS_SECTOR
matheusgratz/world-university-rankings-2021,1,0.1,0.42,CROSS_SECTOR
himanshunakrani/kdd-cup-1999-data,1,0.11,0.14,CROSS_SECTOR
luizpaulodeoliveira/imdb-project-sql,1,0.12,0.1,CROSS_SECTOR
duttadebadri/image-classification,1,0.12,0.18,CROSS_SECTOR
grafstor/simple-dialogs-for-chatbot,1,0.16,0.19,CROSS_SECTOR
rupakroy/cyclone-wildfire-flood-earthquake-database,1,0.1,0.12,CROSS_SECTOR
virtualdvid/oregon-wildlife,1,0.1,0.13,CROSS_SECTOR
nicolsalayoarias/all-kpop-idols,1,0.14,0.17,CROSS_SECTOR
jehanbhathena/tire-texture-image-recognition,1,0.1,0.11,CROSS_SECTOR
ddosad/customer-behaviour-tourism-portal,1,0.1,0.1,CROSS_SECTOR
ruchi798/housing-prices-in-metropolitan-areas-of-india,1,0.19,0.13,CROSS_SECTOR
prasy46/credit-score-prediction,1,0.1,0.15,CROSS_SECTOR
abhi8923shriv/liver-disease-patient-dataset,1,0.12,0.27,CROSS_SECTOR
imdevskp/hiv-aids-dataset,1,0.13,0.18,CROSS_SECTOR
karunyaronith/cricket-world-cup-data-synthetic,1,0.12,0.13,SPORT
runningwithrock/boston-marathon-qualifiers-dataset,1,0.13,0.2,SPORT
lara311/bee-detection-dataset,1,0.14,0.25,AGRIFOOD
benpowis/customer-propensity-to-purchase-data,1,0.15,0.21,CROSS_SECTOR
adityaramachandran27/world-air-quality-index-by-city-and-coordinates,1,0.12,0.21,CROSS_SECTOR
anandshaw2001/movie-rating-dataset,1,0.1,0.27,CROSS_SECTOR
ajaxianazarenka/premier-league,1,0.2,0.32,CROSS_SECTOR
vbookshelf/pneumothorax-chest-xray-images-and-masks,1,0.1,0.31,CROSS_SECTOR
cankatsrc/invoices,1,0.13,0.24,CROSS_SECTOR
iamhardy/nigeria-inflation-rates,1,0.1,0.17,CROSS_SECTOR
dansbecker/aer-credit-card-data,1,0.16,0.2,CROSS_SECTOR
antoninadolgorukova/tox24-challenge-data,1,0.13,0.1,CROSS_SECTOR
omartorres25/honda-data,1,0.14,0.21,CROSS_SECTOR
aadharshviswanath/aircraft-sensor-and-engine-performance,1,0.11,0.12,CROSS_SECTOR
dataanalyst001/population-top-800-major-cities-in-the-world-2024,1,0.14,0.29,CROSS_SECTOR
jessicali9530/kuc-hackathon-winter-2018,1,0.13,0.16,CROSS_SECTOR
guillemservera/precious-metals-data,1,0.14,0.19,CROSS_SECTOR
chaozhuang/steel-fatigue-strength-prediction,1,0.1,0.17,CROSS_SECTOR
artemmmtry/eth3d-dataset,1,0.1,0.19,CROSS_SECTOR
lainguyn123/employee-survey,1,0.16,0.23,CROSS_SECTOR
alinedobrovsky/plant-disease-classification-merged-dataset,1,0.14,0.26,CROSS_SECTOR
clemencetravers/predict-mc-donalds-stock-price,1,0.1,0.19,CROSS_SECTOR
amirmotefaker/instagram-data,1,0.14,0.33,CROSS_SECTOR
alshival/nhtsa-complaints,1,0.11,0.1,CROSS_SECTOR
uom190346a/sleep-and-health-metrics,1,0.1,0.24,HEALTH
aamirrazamari/pakistan-stock-exchange-datasets,1,0.11,0.12,CROSS_SECTOR
patricklford/nhs-organ-donation,1,0.11,0.1,CROSS_SECTOR
fekihmea/fashion-retail-sales,1,0.13,0.24,CROSS_SECTOR
willianoliveiragibin/diet-cricket-eggs,1,0.1,0.1,CROSS_SECTOR
rpjinu/titanic-survival-dataset,1,0.17,0.19,CROSS_SECTOR
melissamonfared/bloomington-accidents,1,0.12,0.12,SPORT
melissamonfared/organic-carbon-and-dissolved-organic-carbon,1,0.1,0.1,AGRIFOOD
niharika41298/yoga-poses-dataset,1,0.13,0.37,CROSS_SECTOR
thebumpkin/missouri-state-expenditures-2000-2022,1,0.1,0.13,CROSS_SECTOR
anandhuh/data-science-jobs-in-india,1,0.23,0.33,CROSS_SECTOR
isakatsuyoshi/llm-20-questions-overall-rankings-vs-scores,1,0.1,0.1,CROSS_SECTOR
jadhavpranav/books-information-dataset,1,0.15,0.2,CROSS_SECTOR
mansourehk/shemo-persian-speech-emotion-detection-database,1,0.14,0.18,CROSS_SECTOR
dimagigayanika/multi-brand-food-sales-prodution-data,1,0.1,0.2,CROSS_SECTOR
asishpandey/crop-production-in-india,1,0.14,0.37,CROSS_SECTOR
carlfm01/120h-spanish-speech,1,0.12,0.13,CROSS_SECTOR
vulamnguyen/rwf2000,1,0.1,0.1,CROSS_SECTOR
daishinkan002/new-york-times-relation-extraction-dataset,1,0.14,0.13,CROSS_SECTOR
devbhise/covid-19-diagnostic-laboratory-testing,1,0.1,0.31,CROSS_SECTOR
therohk/urban-dictionary-words-dataset,1,0.12,0.13,CROSS_SECTOR
/2016-new-coder-survey-,1,0.1,0.2,CROSS_SECTOR
mishra5001/credit-card,1,0.13,0.16,FINANCE
fakhrealam9537/leaf-disease-segmentation-dataset,1,0.17,0.24,CROSS_SECTOR
saurabhshahane/road-traffic-accidents,1,0.1,0.32,CROSS_SECTOR
aakashjoshi123/exercise-and-fitness-metrics-dataset,1,0.14,0.23,CROSS_SECTOR
camiloemartinez/productos-consumo-masivo,1,0.1,0.1,CROSS_SECTOR
rizwanash/electric-vehicle-population-data,1,0.14,0.51,CROSS_SECTOR
wenewone/cub2002011,1,0.1,0.11,CROSS_SECTOR
madhucharan/alzheimersdisease5classdatasetadni,1,0.12,0.21,CROSS_SECTOR
batrosjamali/world-press-freedom-index,1,0.11,0.24,CROSS_SECTOR
mohamedgobara/breast-malignancies-with-twente-mammoscope,1,0.12,0.12,CROSS_SECTOR
greg115/celebrities-100k,1,0.12,0.1,CROSS_SECTOR
winson13/heart-disease-dataset,1,0.18,0.4,CROSS_SECTOR
/hard-drive-test-data,1,0.1,0.1,CROSS_SECTOR
hereisburak/pins-face-recognition,1,0.1,0.21,CROSS_SECTOR
madhuripanchakshri/top-10000-celebrities-dataset,1,0.1,0.2,CROSS_SECTOR
/movie-review,1,0.1,0.24,CROSS_SECTOR
shreenidhihipparagi/google-stock-prediction,1,0.17,0.21,CROSS_SECTOR
priyanshusethi/happiness-classification-dataset,1,0.13,0.17,CROSS_SECTOR
taranmarley/sptire,1,0.1,0.1,CROSS_SECTOR
odedgolden/movielens-1m-dataset,1,0.18,0.17,CROSS_SECTOR
ashishraut64/internet-users,1,0.14,0.13,CROSS_SECTOR
prishasawhney/age-prediction-dataset-binary-classification,1,0.13,0.13,CROSS_SECTOR
diegosilvadefrana/depression-dataset,1,0.13,0.22,CROSS_SECTOR
ysthehurricane/tesla-stock-data-20162021,1,0.12,0.39,CROSS_SECTOR
shariful07/nice-work-thanks-for-share,1,0.1,0.12,CROSS_SECTOR
ngrasos/british-airways-skytrax-reviews,1,0.1,0.37,CROSS_SECTOR
kailic/bts-lyrics,1,0.23,0.23,CROSS_SECTOR
alvaroguzmansoto/adaptaciones-jrr-tolkien-danbrown-stephenking,1,0.1,0.1,CROSS_SECTOR
gracehephzibahm/animal-disease,1,0.14,0.22,CROSS_SECTOR
/sustainable-development-goals,1,0.1,0.15,CROSS_SECTOR
giseilee/cyclistic-marketing-analytics,1,0.1,0.1,CROSS_SECTOR
ahmadrafiee/bank-personal-loan,1,0.29,0.2,CROSS_SECTOR
/us-jobs-on-monstercom,1,0.14,0.23,CROSS_SECTOR
jakeshbohaju/brain-tumor,1,0.1,0.1,CROSS_SECTOR
iarunava/cell-images-for-detecting-malaria,1,0.14,0.19,HEALTH
arashnic/fitbit,1,0.13,0.16,HEALTH
mahmoudredagamail/gdp-nominal-ranking,1,0.1,0.16,CROSS_SECTOR
asaniczka/productivity-and-hourly-compensation-1948-2021,1,0.1,0.12,CROSS_SECTOR
armanmanteghi/predicting-house-prices-with-machine-learning,1,0.1,0.17,FINANCE
hassan06/nslkdd,1,0.1,0.12,SPORT
/brackish-dataset,1,0.18,0.23,CROSS_SECTOR
peterfriedrich1/dns-test-traffic-dohbrw2020,1,0.1,0.13,CROSS_SECTOR
iqmansingh/data-preprocessing-dataset,1,0.14,0.24,CROSS_SECTOR
jazidesigns/financial-accounting,1,0.1,0.1,CROSS_SECTOR
petewojtczak/raw-transactional-data,1,0.16,0.15,LOGISTICS
rohanrao/xeno-canto-bird-recordings-extended-a-m,1,0.1,0.13,CROSS_SECTOR
dhruvildave/spotify-charts,1,0.23,0.27,CROSS_SECTOR
patricklford/amazon-alibaba-and-ebay-2013-2023,1,0.15,0.1,CROSS_SECTOR
mslatifpour/accepted-papers-dataset-for-the-aaai-conference,1,0.13,0.18,CROSS_SECTOR
abhinand05/crop-production-in-india,1,0.26,0.4,CROSS_SECTOR
amananandcode/football-euro-cup-dataset,1,0.14,0.21,CROSS_SECTOR
kshitij9/f1-2022-dataset,1,0.16,0.27,CROSS_SECTOR
brendanartley/lumbar-coordinate-pretraining-dataset,1,0.13,0.16,MOBILITY
econdata/climate-change,1,0.1,0.18,CROSS_SECTOR
mpwolke/orgasm-gap,1,0.1,0.13,CROSS_SECTOR
shrutimechlearn/churn-modelling,1,0.17,0.21,SPORT
deepcontractor/smoke-detection-dataset,1,0.16,0.2,CROSS_SECTOR
thebumpkin/america-studio-tracks-with-spotify-data,1,0.21,0.67,CROSS_SECTOR
rush4ratio/video-game-sales-with-ratings,1,0.2,0.52,CROSS_SECTOR
lakshaytyagi01/fruit-detection,1,0.12,0.22,CROSS_SECTOR
victorahaji/worlds-air-quality-and-water-pollution-dataset,1,0.21,0.38,CROSS_SECTOR
ryanholbrook/eurosat,1,0.1,0.1,CROSS_SECTOR
kutaykutlu/forest-fire,1,0.1,0.21,CROSS_SECTOR
spandan2/cats-faces-64x64-for-generative-models,1,0.1,0.12,CROSS_SECTOR
adarshrouniyar/air-pollution-image-dataset-from-india-and-nepal,1,0.2,0.18,CROSS_SECTOR
/tree-census,1,0.18,0.2,CROSS_SECTOR
tunguz/200000-jeopardy-questions,1,0.1,0.13,CROSS_SECTOR
komeilrhn/epl-football-matches-prediction-dataset,1,0.12,0.17,SPORT
munyamdev/brics-economy-data,1,0.1,0.24,CROSS_SECTOR
arashnic/soalr-wind,1,0.13,0.18,CROSS_SECTOR
danagerous/sleep-data,1,0.12,0.26,CROSS_SECTOR
atulyakumar98/pothole-detection-dataset,1,0.17,0.38,CROSS_SECTOR
waseemnagahhenes/lung-cancer-dataset-iq-othnccd,1,0.18,0.32,CROSS_SECTOR
cephasax/obdii-ds3,1,0.1,0.13,CROSS_SECTOR
jp797498e/twitter-entity-sentiment-analysis,1,0.15,0.36,CROSS_SECTOR
philiphyde1/nfl-stats-1999-2022,1,0.16,0.23,CROSS_SECTOR
pandeyg0811/australian-flight-dataset-2003-2022,1,0.14,0.12,CROSS_SECTOR
mayankanand2701/oracle-stock-price-dataset,1,0.17,0.31,CROSS_SECTOR
abdmental01/wmt-stock-data-insights-and-trends,1,0.22,0.22,CROSS_SECTOR
mitangshu11/brain-stroke-mri-images,1,0.12,0.29,CROSS_SECTOR
archismancoder/nifty-50-nse,1,0.1,0.26,CROSS_SECTOR
agirlcoding/all-space-missions-from-1957,1,0.1,0.14,CROSS_SECTOR
aryashah2k/highway-traffic-videos-dataset,1,0.13,0.28,CROSS_SECTOR
kyanyoga/sample-sales-data,1,0.14,0.2,FINANCE
luccagodoy/obfuscated-malware-memory-2022-cic,1,0.1,0.15,CROSS_SECTOR
divyeshardeshana/supply-chain-shipment-pricing-data,1,0.12,0.14,CROSS_SECTOR
mriganksingh/cat-images-dataset,1,0.14,0.14,CROSS_SECTOR
devildyno/indian-bank-statement-one-year,1,0.1,0.1,CROSS_SECTOR
waseemalastal/sentiment-for-financial-news-dataset,1,0.18,0.37,CROSS_SECTOR
venky73/temperatures-of-india,1,0.12,0.15,CROSS_SECTOR
orkunaktas/arsenal-squad-shooting-stats-2324,1,0.14,0.22,CROSS_SECTOR
davidwallach/financial-tweets,1,0.1,0.17,CROSS_SECTOR
kk0105/allflowmeter-hikari2021,1,0.1,0.1,CROSS_SECTOR
naseralqaydeh/named-entity-recognition-ner-corpus,1,0.11,0.24,CROSS_SECTOR
imtkaggleteam/chess-pieces-detection-image-dataset,1,0.19,0.32,CROSS_SECTOR
lohmaa/llm20-evaluation-games-collected,1,0.11,0.14,CROSS_SECTOR
zanjibar/100-million-data-csv,1,0.12,0.13,CROSS_SECTOR
abhishekinnvonix/seizure-epilepcy-chb-mit-eeg-dataset-pediatric,1,0.12,0.25,CROSS_SECTOR
greeshmagirish/road-accidents-in-india-20142017,1,0.22,0.34,CROSS_SECTOR
/starbucks-menu,1,0.1,0.3,CROSS_SECTOR
omarhanyy/500-greatest-songs-of-all-time,1,0.1,0.23,CROSS_SECTOR
hasinisadunikasilva/skincancerdetectiondcnn,1,0.1,0.19,CROSS_SECTOR
asefjamilajwad/car-crash-dataset-ccd,1,0.11,0.2,CROSS_SECTOR
zeesolver/uhygtttt,1,0.1,0.1,CROSS_SECTOR
mh0386/facial-emotion,1,0.12,0.35,CROSS_SECTOR
ayushggarg/covid19-vaccine-adverse-reactions,1,0.1,0.31,CROSS_SECTOR
dilwong/flightprices,1,0.14,0.22,CROSS_SECTOR
arezaei81/hotel-bookingcvs,1,0.1,0.1,CROSS_SECTOR
nitishjolly/news-detection-fake-or-real-dataset,1,0.21,0.51,CROSS_SECTOR
/resnet152,1,0.1,0.24,CROSS_SECTOR
calebreigada/south-korean-pollution,1,0.13,0.19,CROSS_SECTOR
ericnarro/all-olympic-medals-until-2024-before-paris-games,1,0.11,0.23,CROSS_SECTOR
andrewmvd/us-schools-dataset,1,0.13,0.15,CROSS_SECTOR
carlmcbrideellis/tertiary-mushroom-1-million-more-mushrooms,1,0.1,0.13,AGRIFOOD
kiranbudati/mobile-prices-flipkart,1,0.13,0.16,CROSS_SECTOR
pigment/big-sales-data,1,0.16,0.15,CROSS_SECTOR
yk1598/479k-english-words,1,0.16,0.14,CROSS_SECTOR
srgiomanhes/stardew-valley-villagers-dataset,1,0.14,0.16,CROSS_SECTOR
radheshyamkollipara/bank-customer-churn,1,0.33,0.45,CROSS_SECTOR
shivamkumar121215/nba-stats-dataset-for-last-10-years,1,0.18,0.23,SPORT
broach/button-tone-sz,1,0.14,0.27,CROSS_SECTOR
maciejgronczynski/biggest-genderface-recognition-dataset,1,0.16,0.26,CROSS_SECTOR
jacopoferretti/superstore-dataset,1,0.13,0.29,CROSS_SECTOR
abhijitdahatonde/global-armed-forces-dataset,1,0.18,0.16,CROSS_SECTOR
atulanandjha/imdb-50k-movie-reviews-test-your-bert,1,0.2,0.25,CROSS_SECTOR
prakharjadaun/employee-data,1,0.25,0.26,CROSS_SECTOR
raones/life-science-irish-flowers-classification-data,1,0.12,0.1,CROSS_SECTOR
swaptr/bitcoin-historical-data,1,0.21,0.42,CROSS_SECTOR
yidazhang07/bridge-cracks-image,1,0.14,0.29,CROSS_SECTOR
fayez1/inventory-management,1,0.1,0.14,CROSS_SECTOR
edusanketdk/electronics,1,0.13,0.32,CROSS_SECTOR
devchauhan1/market-basket-optimisationcsv,1,0.1,0.4,CROSS_SECTOR
samuelsamsudinng/iemocap-emotion-speech-database,1,0.12,0.2,CROSS_SECTOR
shrutimechlearn/customer-data,1,0.17,0.27,CROSS_SECTOR
/absenteeism-dataset,1,0.22,0.17,CROSS_SECTOR
gauravduttakiit/cassava-leaf-disease-classification,1,0.1,0.26,CROSS_SECTOR
idermaji/us-cities-livability-by-environmental-factors,1,0.12,0.14,CROSS_SECTOR
pevogam/ucf101,1,0.1,0.13,CROSS_SECTOR
lakshyaag/india-trade-data,1,0.26,0.25,CROSS_SECTOR
yashvi/reliancestockandnewsdata,1,0.18,0.22,CROSS_SECTOR
shrutisaxena/secondary-mushroom-dataset-data-set,1,0.14,0.26,CROSS_SECTOR
/homicide-reports,1,0.1,0.1,CROSS_SECTOR
mohammadamireshraghi/blood-cell-cancer-all-4class,1,0.14,0.33,CROSS_SECTOR
thedevastator/childhood-allergies-prevalence-diagnosis-and-tre,1,0.1,0.1,CROSS_SECTOR
ntcuong2103/crohme2019,1,0.1,0.1,CROSS_SECTOR
gpreda/chinese-mnist,1,0.13,0.25,CROSS_SECTOR
deepshah16/song-lyrics-dataset,1,0.12,0.23,CROSS_SECTOR
aramacus/electricity-demand-in-victoria-australia,1,0.11,0.18,CROSS_SECTOR
residentmario/things-on-reddit,1,0.12,0.12,CROSS_SECTOR
imtkaggleteam/eye-tracking-autism,1,0.1,0.2,CROSS_SECTOR
malihachaity/heuristic-model,1,0.15,0.22,CROSS_SECTOR
deepakat002/roundabout-aerial-images-yolo-data,1,0.12,0.13,CROSS_SECTOR
